StudentId,First Name,Last Name,Email
1,Abhay,Srivastava,abhay@Gmail.com
2,Vinod,Rai,vinod@gmail.com
3,Prashant,Verma,prashant@gmail.com
4,Ajit,Singh,ajit@gmail.com
5,Juhi,Srivastava,juhi@gmail.com
6,Priyanka,Srivastava,priyanka@gmail.com
7,Tushar,Tiwari,tushar@gmail.com
8,Ashish,Manik,ashish@gmail.com
9,Nitin,Mishra,nitin@gmai.com
10,dewanshu,Singhal,dewanshu@gmail.com